Tiêu đề,Link,Mô tả
"Hàng loạt tuyến đường ""cụt"" gây lãng phí ở Hà Nội",https://dantri.com.vn/xa-hoi/hang-loat-tuyen-duong-cut-gay-lang-phi-o-ha-noi-20250508022400648.htm,Không có mô tả
"Hàng loạt tuyến đường ""cụt"" gây lãng phí ở Hà Nội",https://dantri.com.vn/xa-hoi/hang-loat-tuyen-duong-cut-gay-lang-phi-o-ha-noi-20250508022400648.htm,Không có mô tả
"Hơn 120 máy bay Ấn Độ, Pakistan không chiến, ảnh vệ tinh hé lộ thiệt hại",https://dantri.com.vn/the-gioi/hon-120-may-bay-an-do-pakistan-khong-chien-anh-ve-tinh-he-lo-thiet-hai-20250508095018016.htm,Không có mô tả
"Sắp bỏ 12 thanh tra bộ, 696 thanh tra huyện và 1.001 thanh tra sở",https://dantri.com.vn/xa-hoi/sap-bo-12-thanh-tra-bo-696-thanh-tra-huyen-va-1001-thanh-tra-so-20250508082330499.htm,Không có mô tả
"""Công chức rất vui khi được bỏ thi nâng ngạch, không phải tập sự 1 năm""",https://dantri.com.vn/noi-vu/cong-chuc-rat-vui-khi-duoc-bo-thi-nang-ngach-khong-phai-tap-su-1-nam-20250507175114321.htm,Không có mô tả
"""Công chức rất vui khi được bỏ thi nâng ngạch, không phải tập sự 1 năm""",https://dantri.com.vn/noi-vu/cong-chuc-rat-vui-khi-duoc-bo-thi-nang-ngach-khong-phai-tap-su-1-nam-20250507175114321.htm,Không có mô tả
"Khói đen xuất hiện, mật nghị hồng y chưa bầu được Giáo hoàng mới",https://dantri.com.vn/the-gioi/khoi-den-xuat-hien-mat-nghi-hong-y-chua-bau-duoc-giao-hoang-moi-20250508023844177.htm,Không có mô tả
"Đơn vị sáp nhập, cán bộ viện kiểm sát nghỉ hưu sớm được trợ cấp 2,6 tỷ đồng",https://dantri.com.vn/lao-dong-viec-lam/don-vi-sap-nhap-can-bo-vien-kiem-sat-nghi-huu-som-duoc-tro-cap-26-ty-dong-20250507135745068.htm,Không có mô tả
Học sử để yêu thêm lịch sử,https://dantri.com.vn/tam-diem/hoc-su-de-yeu-them-lich-su-20250508055924988.htm,Không có mô tả
"Đi chợ từ 4h sáng khắp Hà Nội, TPHCM vẫn... không mua được bộ lòng xe điếu",https://dantri.com.vn/doi-song/di-cho-tu-4h-sang-khap-ha-noi-tphcm-van-khong-mua-duoc-bo-long-xe-dieu-20250507112536992.htm,Không có mô tả
"Đi chợ từ 4h sáng khắp Hà Nội, TPHCM vẫn... không mua được bộ lòng xe điếu",https://dantri.com.vn/doi-song/di-cho-tu-4h-sang-khap-ha-noi-tphcm-van-khong-mua-duoc-bo-long-xe-dieu-20250507112536992.htm,Không có mô tả
Nhánh hầm chui đầu tiên ở nút giao lớn nhất TPHCM hoàn thành,https://dantri.com.vn/xa-hoi/nhanh-ham-chui-dau-tien-o-nut-giao-lon-nhat-tphcm-hoan-thanh-20250507234432619.htm,Không có mô tả
Phở 200.000 đồng ở sân bay Nội Bài: Đắt đỏ do gánh nhiều chi phí?,https://dantri.com.vn/du-lich/pho-200000-dong-o-san-bay-noi-bai-dat-do-do-ganh-nhieu-chi-phi-20250507204901851.htm,Không có mô tả
Phở 200.000 đồng ở sân bay Nội Bài: Đắt đỏ do gánh nhiều chi phí?,https://dantri.com.vn/du-lich/pho-200000-dong-o-san-bay-noi-bai-dat-do-do-ganh-nhieu-chi-phi-20250507204901851.htm,Không có mô tả
"Nửa năm 2 lần sáp nhập, Chủ tịch xã thẫn thờ nhắc cả tuổi trẻ làm nhà nước",https://dantri.com.vn/noi-vu/nua-nam-2-lan-sap-nhap-chu-tich-xa-than-tho-nhac-ca-tuoi-tre-lam-nha-nuoc-20250507152317365.htm,Không có mô tả
TikToker Lê Việt Hùng bị tạm giữ,https://dantri.com.vn/phap-luat/tiktoker-le-viet-hung-bi-tam-giu-20250508003042731.htm,Không có mô tả
Lời hứa dang dở của người cha với con gái 14 tuổi bị ô tô cán tử vong,https://dantri.com.vn/xa-hoi/loi-hua-dang-do-cua-nguoi-cha-voi-con-gai-14-tuoi-bi-o-to-can-tu-vong-20250507163355112.htm,Không có mô tả
Bác sĩ kêu gọi giúp đỡ cậu bé lớp 9 bị cắt cụt 2 tay và 1 chân vì bỏng điện,https://dantri.com.vn/tam-long-nhan-ai/bac-si-keu-goi-giup-do-cau-be-lop-9-bi-cat-cut-2-tay-va-1-chan-vi-bong-dien-20250503151822333.htm,Không có mô tả
Đề xuất hỗ trợ tối đa nửa tỷ đồng với cán bộ không chuyên trách thôi việc,https://dantri.com.vn/noi-vu/de-xuat-ho-tro-toi-da-nua-ty-dong-voi-can-bo-khong-chuyen-trach-thoi-viec-20250507131233935.htm,Không có mô tả
Đề xuất hỗ trợ tối đa nửa tỷ đồng với cán bộ không chuyên trách thôi việc,https://dantri.com.vn/noi-vu/de-xuat-ho-tro-toi-da-nua-ty-dong-voi-can-bo-khong-chuyen-trach-thoi-viec-20250507131233935.htm,Không có mô tả
"Loạt chuyến bay châu Á buộc phải hủy khẩn cấp, chuyện gì đang xảy ra?",https://dantri.com.vn/kinh-doanh/loat-chuyen-bay-chau-a-buoc-phai-huy-khan-cap-chuyen-gi-dang-xay-ra-20250507221143283.htm,Không có mô tả
"Đường 34 tỷ đồng ""vô dụng"", thành chỗ phơi lúa",https://dantri.com.vn/xa-hoi/duong-34-ty-dong-vo-dung-thanh-cho-phoi-lua-20250508083537784.htm,Không có mô tả
"Triều Tiên phóng tên lửa đạn đạo, nghi thử nghiệm để xuất khẩu",https://dantri.com.vn/the-gioi/trieu-tien-phong-ten-lua-dan-dao-nghi-thu-nghiem-de-xuat-khau-20250508101414396.htm,Không có mô tả
"Nữ MC từng quay clip ăn lòng xe điếu: ""Tôi không bao giờ muốn thử lần nữa""",https://dantri.com.vn/giai-tri/nu-mc-tung-quay-clip-an-long-xe-dieu-toi-khong-bao-gio-muon-thu-lan-nua-20250507173630922.htm,Không có mô tả
"Bắc Giang sắp đấu giá 373 lô đất, khởi điểm từ 6,1 triệu đồng/m2",https://dantri.com.vn/bat-dong-san/bac-giang-sap-dau-gia-373-lo-dat-khoi-diem-tu-61-trieu-dongm2-20250508031329447.htm,Không có mô tả
"Quang Hải rút lui, HLV Kim Sang Sik gọi thêm cầu thủ Việt Nam gặp Man Utd",https://dantri.com.vn/the-thao/quang-hai-rut-lui-hlv-kim-sang-sik-goi-them-cau-thu-viet-nam-gap-man-utd-20250508102459752.htm,Không có mô tả
"Bôi chanh lên mặt trị mụn theo hội nhóm Facebook, thiếu nữ mặt ""nở hoa""",https://dantri.com.vn/suc-khoe/boi-chanh-len-mat-tri-mun-theo-hoi-nhom-facebook-thieu-nu-mat-no-hoa-20250507070205965.htm,Không có mô tả
Chủ tịch Hà Nội thở dài với chuyện chiêu mộ người tài khối tư nhân,https://dantri.com.vn/noi-vu/chu-tich-ha-noi-tho-dai-voi-chuyen-chieu-mo-nguoi-tai-khoi-tu-nhan-20250507181411265.htm,Không có mô tả
Bác sĩ kêu gọi giúp đỡ cậu bé lớp 9 bị cắt cụt 2 tay và 1 chân vì bỏng điện,https://dantri.com.vn/tam-long-nhan-ai/bac-si-keu-goi-giup-do-cau-be-lop-9-bi-cat-cut-2-tay-va-1-chan-vi-bong-dien-20250503151822333.htm,Không có mô tả
Xe điện sạc siêu nhanh sẽ phải trả giá đắt bằng tuổi thọ pin,https://dantri.com.vn/o-to-xe-may/xe-dien-sac-sieu-nhanh-se-phai-tra-gia-dat-bang-tuoi-tho-pin-20250507154633289.htm,Không có mô tả
iPhone 18 Pro Max sẽ có Face ID dưới màn hình,https://dantri.com.vn/cong-nghe/iphone-18-pro-max-se-co-face-id-duoi-man-hinh-20250507154052739.htm,Không có mô tả
Những chiếc bằng khen vì nhường chỗ gây… tâm tư,https://dantri.com.vn/giao-duc/nhung-chiec-bang-khen-vi-nhuong-cho-gay-tam-tu-20250508092034800.htm,Không có mô tả
"Ngành dệt may, giày da bỗng tăng tuyển dụng lao động đột biến",https://dantri.com.vn/lao-dong-viec-lam/nganh-det-may-giay-da-bong-tang-tuyen-dung-lao-dong-dot-bien-20250507171727985.htm,Không có mô tả
Con rể chém mẹ vợ và hàng xóm tử vong ở Thái Nguyên,https://dantri.com.vn/phap-luat/con-re-chem-me-vo-va-hang-xom-tu-vong-o-thai-nguyen-20250508073104190.htm,Không có mô tả
"Thái Lan lo thấp thỏm, sợ du lịch Việt Nam sớm đứng đầu Đông Nam Á",https://dantri.com.vn/du-lich/thai-lan-lo-thap-thom-so-du-lich-viet-nam-som-dung-dau-dong-nam-a-20250508101428094.htm,Không có mô tả
"Đi chợ từ 4h sáng khắp Hà Nội, TPHCM vẫn... không mua được bộ lòng xe điếu",https://dantri.com.vn/doi-song/di-cho-tu-4h-sang-khap-ha-noi-tphcm-van-khong-mua-duoc-bo-long-xe-dieu-20250507112536992.htm,Không có mô tả
"Vì lý do khó nói, tôi bị chồng đánh suốt 20 năm vẫn không dám ly hôn",https://dantri.com.vn/tinh-yeu-gioi-tinh/vi-ly-do-kho-noi-toi-bi-chong-danh-suot-20-nam-van-khong-dam-ly-hon-20250507185224891.htm,Không có mô tả
Người đàn ông thường để rắn độc cắn vào người cách đây 12 năm giờ ra sao?,https://dantri.com.vn/khoa-hoc/nguoi-dan-ong-thuong-de-ran-doc-can-vao-nguoi-cach-day-12-nam-gio-ra-sao-20250508003104250.htm,Không có mô tả
Học sử để yêu thêm lịch sử,https://dantri.com.vn/tam-diem/hoc-su-de-yeu-them-lich-su-20250508055924988.htm,Không có mô tả
"Mô tô nước ""tung hoành"" các bãi tắm: Ô nhiễm, nguy hiểm, cần cách ly",https://dantri.com.vn/ban-doc/mo-to-nuoc-tung-hoanh-cac-bai-tam-o-nhiem-nguy-hiem-can-cach-ly-20250508095550481.htm,Không có mô tả
Phở 200.000 đồng ở sân bay Nội Bài: Đắt đỏ do gánh nhiều chi phí?,https://dantri.com.vn/du-lich/pho-200000-dong-o-san-bay-noi-bai-dat-do-do-ganh-nhieu-chi-phi-20250507204901851.htm,Không có mô tả
Để Việt Nam bứt phá: Hướng đi từ nền tảng đến hành động,https://dantri.com.vn/cong-nghe/de-viet-nam-but-pha-huong-di-tu-nen-tang-den-hanh-dong-20250506173246427.htm,Không có mô tả
Nhánh hầm chui đầu tiên ở nút giao lớn nhất TPHCM hoàn thành,https://dantri.com.vn/xa-hoi/nhanh-ham-chui-dau-tien-o-nut-giao-lon-nhat-tphcm-hoan-thanh-20250507234432619.htm,Không có mô tả
"""Nhiều tỉnh đã xây trụ sở lớn, khi về tỉnh mới, chỗ đó sẽ làm gì?""",https://dantri.com.vn/noi-vu/nhieu-tinh-da-xay-tru-so-lon-khi-ve-tinh-moi-cho-do-se-lam-gi-20250507170544579.htm,Không có mô tả
"""Nhiều tỉnh đã xây trụ sở lớn, khi về tỉnh mới, chỗ đó sẽ làm gì?""",https://dantri.com.vn/noi-vu/nhieu-tinh-da-xay-tru-so-lon-khi-ve-tinh-moi-cho-do-se-lam-gi-20250507170544579.htm,Không có mô tả
Bộ trưởng nêu triết lý căn cơ xây dựng chính quyền địa phương 2 cấp,https://dantri.com.vn/noi-vu/bo-truong-neu-triet-ly-can-co-xay-dung-chinh-quyen-dia-phuong-2-cap-20250507162852723.htm,Không có mô tả
"Quảng Nam yêu cầu sở, ngành đề xuất phương án đặt trụ sở sau hợp nhất",https://dantri.com.vn/noi-vu/quang-nam-yeu-cau-so-nganh-de-xuat-phuong-an-dat-tru-so-sau-hop-nhat-20250507161806482.htm,Không có mô tả
Sẽ thông báo chủ trương dự kiến nhân sự chủ chốt 34 tỉnh thành sau sáp nhập,https://dantri.com.vn/xa-hoi/se-thong-bao-chu-truong-du-kien-nhan-su-chu-chot-34-tinh-thanh-sau-sap-nhap-20250507134121553.htm,Không có mô tả
Đắk Lắk yêu cầu không liên hoan chia tay trong thời gian chờ sáp nhập,https://dantri.com.vn/noi-vu/dak-lak-yeu-cau-khong-lien-hoan-chia-tay-trong-thoi-gian-cho-sap-nhap-20250507101819218.htm,Không có mô tả
"Acecook Việt Nam nhận giải ""Doanh nghiệp có chính sách phúc lợi ưu việt"" tại Vietnam ESG Awards",https://dantri.com.vn/kinh-doanh/acecook-viet-nam-nhan-giai-doanh-nghiep-co-chinh-sach-phuc-loi-uu-viet-tai-vietnam-esg-awards-20250507181517833.htm,Không có mô tả
"Acecook Việt Nam nhận giải ""Doanh nghiệp có chính sách phúc lợi ưu việt"" tại Vietnam ESG Awards",https://dantri.com.vn/kinh-doanh/acecook-viet-nam-nhan-giai-doanh-nghiep-co-chinh-sach-phuc-loi-uu-viet-tai-vietnam-esg-awards-20250507181517833.htm,Không có mô tả
Hồ sơ công ty của chồng Đoàn Di Băng phân phối dầu gội đầu bị thu hồi,https://dantri.com.vn/kinh-doanh/ho-so-cong-ty-cua-chong-doan-di-bang-phan-phoi-dau-goi-dau-bi-thu-hoi-20250507215544219.htm,Không có mô tả
Fed quyết định giữ nguyên lãi suất do lo ngại lạm phát,https://dantri.com.vn/kinh-doanh/fed-quyet-dinh-giu-nguyen-lai-suat-do-lo-ngai-lam-phat-20250508064137927.htm,Không có mô tả
"Giá vàng giảm 500.000 đồng, về dưới 123 triệu đồng/lượng",https://dantri.com.vn/kinh-doanh/gia-vang-giam-500000-dong-ve-duoi-123-trieu-dongluong-20250508003044216.htm,Không có mô tả
"Sau vụ sữa giả, Hà Nội yêu cầu lập đoàn kiểm tra các cơ sở sản xuất sữa",https://dantri.com.vn/kinh-doanh/sau-vu-sua-gia-ha-noi-yeu-cau-lap-doan-kiem-tra-cac-co-so-san-xuat-sua-20250508070424652.htm,Không có mô tả
Vụ nữ sinh bị xe cán tử vong ở Vĩnh Long: Tài xế bị bắn sức khỏe ra sao?,https://dantri.com.vn/xa-hoi/vu-nu-sinh-bi-xe-can-tu-vong-o-vinh-long-tai-xe-bi-ban-suc-khoe-ra-sao-20250508092209263.htm,Không có mô tả
Vụ nữ sinh bị xe cán tử vong ở Vĩnh Long: Tài xế bị bắn sức khỏe ra sao?,https://dantri.com.vn/xa-hoi/vu-nu-sinh-bi-xe-can-tu-vong-o-vinh-long-tai-xe-bi-ban-suc-khoe-ra-sao-20250508092209263.htm,Không có mô tả
Nhà truyền thống hơn 3 tỷ đồng đổ sập hoàn toàn,https://dantri.com.vn/xa-hoi/nha-truyen-thong-hon-3-ty-dong-do-sap-hoan-toan-20250508092104084.htm,Không có mô tả
Đưa quan hệ Đối tác Chiến lược Toàn diện Việt Nam - Nga lên tầm cao mới,https://dantri.com.vn/xa-hoi/dua-quan-he-doi-tac-chien-luoc-toan-dien-viet-nam-nga-len-tam-cao-moi-20250508095604528.htm,Không có mô tả
Vấn đề TPHCM cần tính toán sau thành công của 2 đại lễ trong tháng 4,https://dantri.com.vn/xa-hoi/van-de-tphcm-can-tinh-toan-sau-thanh-cong-cua-2-dai-le-trong-thang-4-20250508093232449.htm,Không có mô tả
Thành ủy TPHCM sắp họp bàn nhân sự chủ chốt của Sở Xây dựng,https://dantri.com.vn/xa-hoi/thanh-uy-tphcm-sap-hop-ban-nhan-su-chu-chot-cua-so-xay-dung-20250508092723451.htm,Không có mô tả
"Hơn 120 máy bay Ấn Độ, Pakistan không chiến, ảnh vệ tinh hé lộ thiệt hại",https://dantri.com.vn/the-gioi/hon-120-may-bay-an-do-pakistan-khong-chien-anh-ve-tinh-he-lo-thiet-hai-20250508095018016.htm,Không có mô tả
"Hơn 120 máy bay Ấn Độ, Pakistan không chiến, ảnh vệ tinh hé lộ thiệt hại",https://dantri.com.vn/the-gioi/hon-120-may-bay-an-do-pakistan-khong-chien-anh-ve-tinh-he-lo-thiet-hai-20250508095018016.htm,Không có mô tả
Nga bắt đầu ngừng bắn với Ukraine,https://dantri.com.vn/the-gioi/nga-bat-dau-ngung-ban-voi-ukraine-20250508065700005.htm,Không có mô tả
Ông Trump ấn định Ngày Chiến thắng Thế chiến II của Mỹ,https://dantri.com.vn/the-gioi/ong-trump-an-dinh-ngay-chien-thang-the-chien-ii-cua-my-20250508102022290.htm,Không có mô tả
Tân Thủ tướng Đức kêu gọi EU tăng chi tiêu quốc phòng,https://dantri.com.vn/the-gioi/tan-thu-tuong-duc-keu-goi-eu-tang-chi-tieu-quoc-phong-20250508092219996.htm,Không có mô tả
Ông Trump tuyên bố không giảm thuế với Trung Quốc trước thềm đàm phán,https://dantri.com.vn/the-gioi/ong-trump-tuyen-bo-khong-giam-thue-voi-trung-quoc-truoc-them-dam-phan-20250508084040172.htm,Không có mô tả
"Diễn viên Thái Hòa phim ""Khi đàn chim trở về"" bị liệt nửa người vì tai biến",https://dantri.com.vn/giai-tri/dien-vien-thai-hoa-phim-khi-dan-chim-tro-ve-bi-liet-nua-nguoi-vi-tai-bien-20250507221952513.htm,Không có mô tả
"Diễn viên Thái Hòa phim ""Khi đàn chim trở về"" bị liệt nửa người vì tai biến",https://dantri.com.vn/giai-tri/dien-vien-thai-hoa-phim-khi-dan-chim-tro-ve-bi-liet-nua-nguoi-vi-tai-bien-20250507221952513.htm,Không có mô tả
Túi Hermès bà Trương Mỹ Lan xin lại và các món đồ hiệu xứng đáng để đầu tư,https://dantri.com.vn/giai-tri/tui-hermes-ba-truong-my-lan-xin-lai-va-cac-mon-do-hieu-xung-dang-de-dau-tu-20250428090540842.htm,Không có mô tả
Đọ gu thời trang của 2 bà xã đạo diễn nổi tiếng Minh Hà và Đinh Ngọc Diệp,https://dantri.com.vn/giai-tri/do-gu-thoi-trang-cua-2-ba-xa-dao-dien-noi-tieng-minh-ha-va-dinh-ngoc-diep-20250507104921266.htm,Không có mô tả
"Quá khứ Duyên Quỳnh trước ""hit tỷ view"", mối quan hệ với Nguyễn Văn Chung",https://dantri.com.vn/giai-tri/qua-khu-duyen-quynh-truoc-hit-ty-view-moi-quan-he-voi-nguyen-van-chung-20250506121615773.htm,Không có mô tả
"Đạo diễn Lý Hải: ""Tôi chỉ yêu cầu vợ mặc kín đáo""",https://dantri.com.vn/giai-tri/dao-dien-ly-hai-toi-chi-yeu-cau-vo-mac-kin-dao-20250502081433789.htm,Không có mô tả
Mặt bằng 750 triệu/tháng tại TPHCM có khách thuê mới sau 8 tháng để trống,https://dantri.com.vn/bat-dong-san/mat-bang-750-trieuthang-tai-tphcm-co-khach-thue-moi-sau-8-thang-de-trong-20250507145322352.htm,Không có mô tả
Mặt bằng 750 triệu/tháng tại TPHCM có khách thuê mới sau 8 tháng để trống,https://dantri.com.vn/bat-dong-san/mat-bang-750-trieuthang-tai-tphcm-co-khach-thue-moi-sau-8-thang-de-trong-20250507145322352.htm,Không có mô tả
Những diễn biến bất thường của phân khúc chung cư,https://dantri.com.vn/bat-dong-san/nhung-dien-bien-bat-thuong-cua-phan-khuc-chung-cu-20250506162205655.htm,Không có mô tả
Nghiên cứu đánh thuế 20% trên lãi chuyển nhượng bất động sản,https://dantri.com.vn/bat-dong-san/nghien-cuu-danh-thue-20-tren-lai-chuyen-nhuong-bat-dong-san-20250506140020082.htm,Không có mô tả
Hà Nội có thêm dự án nhà ở xã hội tại Thanh Trì và Hoàng Mai,https://dantri.com.vn/bat-dong-san/ha-noi-co-them-du-an-nha-o-xa-hoi-tai-thanh-tri-va-hoang-mai-20250506015846093.htm,Không có mô tả
"Xuất hiện tình trạng rao bán ""cắt lỗ"" đất nền ven đô?",https://dantri.com.vn/bat-dong-san/xuat-hien-tinh-trang-rao-ban-cat-lo-dat-nen-ven-do-20250505145603096.htm,Không có mô tả
Ngôi sao Đông Nam Á sớm dừng bước ở Rome Masters 2025,https://dantri.com.vn/the-thao/ngoi-sao-dong-nam-a-som-dung-buoc-o-rome-masters-2025-20250508090641557.htm,Không có mô tả
Ngôi sao Đông Nam Á sớm dừng bước ở Rome Masters 2025,https://dantri.com.vn/the-thao/ngoi-sao-dong-nam-a-som-dung-buoc-o-rome-masters-2025-20250508090641557.htm,Không có mô tả
"Đội nhà thua ngược cay đắng, Ronaldo chỉ trích đồng đội đá như mơ ngủ",https://dantri.com.vn/the-thao/doi-nha-thua-nguoc-cay-dang-ronaldo-chi-trich-dong-doi-da-nhu-mo-ngu-20250508084854771.htm,Không có mô tả
"Nhận định Man Utd - Athletic Bilbao (2h, 9/5): Old Trafford sẵn sàng mở hội",https://dantri.com.vn/the-thao/nhan-dinh-man-utd-athletic-bilbao-2h-95-old-trafford-san-sang-mo-hoi-20250508053907766.htm,Không có mô tả
Ngôi sao PSG bị cổ động viên chê bai vì pha đá hỏng phạt đền tệ hại,https://dantri.com.vn/the-thao/ngoi-sao-psg-bi-co-dong-vien-che-bai-vi-pha-da-hong-phat-den-te-hai-20250508072749650.htm,Không có mô tả
HLV Enrique tiết lộ bí quyết đánh bại Arsenal và các đội bóng Anh,https://dantri.com.vn/the-thao/hlv-enrique-tiet-lo-bi-quyet-danh-bai-arsenal-va-cac-doi-bong-anh-20250508081044030.htm,Không có mô tả
"Mùa hè vừa đến, 2 ca tai nạn nghiêm trọng liên quan máy ép mía",https://dantri.com.vn/suc-khoe/mua-he-vua-den-2-ca-tai-nan-nghiem-trong-lien-quan-may-ep-mia-20250508085209125.htm,Không có mô tả
"Mùa hè vừa đến, 2 ca tai nạn nghiêm trọng liên quan máy ép mía",https://dantri.com.vn/suc-khoe/mua-he-vua-den-2-ca-tai-nan-nghiem-trong-lien-quan-may-ep-mia-20250508085209125.htm,Không có mô tả
Sở thích uống ngọt âm thầm tàn phá sức khỏe nhiều người Việt,https://dantri.com.vn/suc-khoe/so-thich-uong-ngot-am-tham-tan-pha-suc-khoe-nhieu-nguoi-viet-20250507163137492.htm,Không có mô tả
"Cứu sống người đàn ông nguy kịch nhờ quy trình ""báo động đỏ"" khẩn cấp",https://dantri.com.vn/suc-khoe/cuu-song-nguoi-dan-ong-nguy-kich-nho-quy-trinh-bao-dong-do-khan-cap-20250507130924319.htm,Không có mô tả
"Chị được tái sinh nhờ lá phổi của ""người em"" được chuyển từ Nam ra Bắc",https://dantri.com.vn/suc-khoe/chi-duoc-tai-sinh-nho-la-phoi-cua-nguoi-em-duoc-chuyen-tu-nam-ra-bac-20250507161239611.htm,Không có mô tả
Tự công bố sản phẩm - kẽ hở để doanh nghiệp lách luật cố tình làm sai,https://dantri.com.vn/suc-khoe/tu-cong-bo-san-pham-ke-ho-de-doanh-nghiep-lach-luat-co-tinh-lam-sai-20250507211037207.htm,Không có mô tả
"Bỏ huyện, Viện kiểm sát thu về 3 cấp, tăng số lượng kiểm sát viên tối cao",https://dantri.com.vn/noi-vu/bo-huyen-vien-kiem-sat-thu-ve-3-cap-tang-so-luong-kiem-sat-vien-toi-cao-20250508093144469.htm,Không có mô tả
"Bỏ huyện, Viện kiểm sát thu về 3 cấp, tăng số lượng kiểm sát viên tối cao",https://dantri.com.vn/noi-vu/bo-huyen-vien-kiem-sat-thu-ve-3-cap-tang-so-luong-kiem-sat-vien-toi-cao-20250508093144469.htm,Không có mô tả
"Rà soát để loại bỏ chính xác cán bộ, công chức không còn cần thiết",https://dantri.com.vn/noi-vu/ra-soat-de-loai-bo-chinh-xac-can-bo-cong-chuc-khong-con-can-thiet-20250506233720468.htm,Không có mô tả
"Nửa năm 2 lần sáp nhập, Chủ tịch xã thẫn thờ nhắc cả tuổi trẻ làm nhà nước",https://dantri.com.vn/noi-vu/nua-nam-2-lan-sap-nhap-chu-tich-xa-than-tho-nhac-ca-tuoi-tre-lam-nha-nuoc-20250507152317365.htm,Không có mô tả
"""Công chức rất vui khi được bỏ thi nâng ngạch, không phải tập sự 1 năm""",https://dantri.com.vn/noi-vu/cong-chuc-rat-vui-khi-duoc-bo-thi-nang-ngach-khong-phai-tap-su-1-nam-20250507175114321.htm,Không có mô tả
"Hơn 1.000 người dân sống cảnh ""nhiều không"": Kon Tum đề xuất hướng tháo gỡ",https://dantri.com.vn/noi-vu/hon-1000-nguoi-dan-song-canh-nhieu-khong-kon-tum-de-xuat-huong-thao-go-20250507184359205.htm,Không có mô tả
Trung Quốc cân nhắc đàm phán thương mại với Mỹ,https://fica.dantri.com.vn/quoc-te/trung-quoc-can-nhac-dam-phan-thuong-mai-voi-my-20250502094504057.htm,Không có mô tả
Tỷ phú Jensen Huang lần đầu được tăng lương sau một thập kỷ,https://fica.dantri.com.vn/quoc-te/ty-phu-jensen-huang-lan-dau-duoc-tang-luong-sau-mot-thap-ky-20250502085411588.htm,Không có mô tả
Lời khẩn cầu của chàng trai từng được gia đình chuẩn bị lo hậu sự,https://dantri.com.vn/tam-long-nhan-ai/loi-khan-cau-cua-chang-trai-tung-duoc-gia-dinh-chuan-bi-lo-hau-su-20250504141013335.htm,Không có mô tả
Lời khẩn cầu của chàng trai từng được gia đình chuẩn bị lo hậu sự,https://dantri.com.vn/tam-long-nhan-ai/loi-khan-cau-cua-chang-trai-tung-duoc-gia-dinh-chuan-bi-lo-hau-su-20250504141013335.htm,Không có mô tả
Mẹ khờ đơn thân nuôi 3 con suy dinh dưỡng trong căn nhà nát,https://dantri.com.vn/tam-long-nhan-ai/me-kho-don-than-nuoi-3-con-suy-dinh-duong-trong-can-nha-nat-20250419164205778.htm,Không có mô tả
"Bạn đọc ủng hộ hơn 2,1 tỷ đồng tới gia đình có hoàn cảnh như bị ""trời đày""",https://dantri.com.vn/tam-long-nhan-ai/ban-doc-ung-ho-hon-21-ty-dong-toi-gia-dinh-co-hoan-canh-nhu-bi-troi-day-20250424202944568.htm,Không có mô tả
"Vợ không qua khỏi, người chồng bật khóc khi nhận tiền bạn đọc hỗ trợ",https://dantri.com.vn/tam-long-nhan-ai/vo-khong-qua-khoi-nguoi-chong-bat-khoc-khi-nhan-tien-ban-doc-ho-tro-20250505132342407.htm,Không có mô tả
Góa phụ nghèo trong căn nhà tạm rộng chỉ 20m2,https://dantri.com.vn/tam-long-nhan-ai/goa-phu-ngheo-trong-can-nha-tam-rong-chi-20m2-20250418101200819.htm,Không có mô tả
"Vượt ẩu, xe tải lao xuống rãnh, có chi tiết gây tranh cãi",https://dantri.com.vn/o-to-xe-may/vuot-au-xe-tai-lao-xuong-ranh-co-chi-tiet-gay-tranh-cai-20250507170241957.htm,Không có mô tả
"Vượt ẩu, xe tải lao xuống rãnh, có chi tiết gây tranh cãi",https://dantri.com.vn/o-to-xe-may/vuot-au-xe-tai-lao-xuong-ranh-co-chi-tiet-gay-tranh-cai-20250507170241957.htm,Không có mô tả
"Gặp lỗi liên quan đến khí thải, Ford Territory bị triệu hồi tại Việt Nam",https://dantri.com.vn/o-to-xe-may/gap-loi-lien-quan-den-khi-thai-ford-territory-bi-trieu-hoi-tai-viet-nam-20250507145340657.htm,Không có mô tả
Khách Việt chi hơn 15 triệu đồng để mua phần mềm cho ô tô Trung Quốc,https://dantri.com.vn/o-to-xe-may/khach-viet-chi-hon-15-trieu-dong-de-mua-phan-mem-cho-o-to-trung-quoc-20250507160806153.htm,Không có mô tả
"Everest và Santa Fe sắp có đối thủ ""ăn xăng như ngửi"" tại Việt Nam",https://dantri.com.vn/o-to-xe-may/everest-va-santa-fe-sap-co-doi-thu-an-xang-nhu-ngui-tai-viet-nam-20250507094821762.htm,Không có mô tả
Tranh cãi nảy lửa trong ngành ô tô Trung Quốc: Một hãng bị tố quảng cáo lố,https://dantri.com.vn/o-to-xe-may/tranh-cai-nay-lua-trong-nganh-o-to-trung-quoc-mot-hang-bi-to-quang-cao-lo-20250507101036713.htm,Không có mô tả
Rủi ro khi mua tiền số liên quan Tổng thống Trump,https://dantri.com.vn/cong-nghe/rui-ro-khi-mua-tien-so-lien-quan-tong-thong-trump-20250507231139392.htm,Không có mô tả
Rủi ro khi mua tiền số liên quan Tổng thống Trump,https://dantri.com.vn/cong-nghe/rui-ro-khi-mua-tien-so-lien-quan-tong-thong-trump-20250507231139392.htm,Không có mô tả
"Thế hệ ""Kỹ sư 57"": Nguồn lực trẻ thực thi Nghị quyết 57",https://dantri.com.vn/cong-nghe/the-he-ky-su-57-nguon-luc-tre-thuc-thi-nghi-quyet-57-20250507200431806.htm,Không có mô tả
"Pin silicon hoạt động 14 tiếng: Apple, Samsung chậm chân?",https://dantri.com.vn/cong-nghe/pin-silicon-hoat-dong-14-tieng-apple-samsung-cham-chan-20250506175415065.htm,Không có mô tả
Để Việt Nam bứt phá: Hướng đi từ nền tảng đến hành động,https://dantri.com.vn/cong-nghe/de-viet-nam-but-pha-huong-di-tu-nen-tang-den-hanh-dong-20250506173246427.htm,Không có mô tả
3 thay đổi quan trọng được chờ đợi trên iOS 19,https://dantri.com.vn/cong-nghe/3-thay-doi-quan-trong-duoc-cho-doi-tren-ios-19-20250506232927515.htm,Không có mô tả
133 học sinh được miễn thi tốt nghiệp THPT và ưu tiên tuyển thẳng ĐH 2025,https://dantri.com.vn/giao-duc/133-hoc-sinh-duoc-mien-thi-tot-nghiep-thpt-va-uu-tien-tuyen-thang-dh-2025-20250507233748360.htm,Không có mô tả
133 học sinh được miễn thi tốt nghiệp THPT và ưu tiên tuyển thẳng ĐH 2025,https://dantri.com.vn/giao-duc/133-hoc-sinh-duoc-mien-thi-tot-nghiep-thpt-va-uu-tien-tuyen-thang-dh-2025-20250507233748360.htm,Không có mô tả
Chuyên gia tài chính gợi ý 4 việc cần làm ngay sau khi tốt nghiệp đại học,https://dantri.com.vn/giao-duc/chuyen-gia-tai-chinh-goi-y-4-viec-can-lam-ngay-sau-khi-tot-nghiep-dai-hoc-20250507153717344.htm,Không có mô tả
31% giáo viên TPHCM có trình độ tiếng Anh dưới B1 có phải đi học lại?,https://dantri.com.vn/giao-duc/31-giao-vien-tphcm-co-trinh-do-tieng-anh-duoi-b1-co-phai-di-hoc-lai-20250507234605141.htm,Không có mô tả
"Chê sinh viên mặc đồ ""xuyên thấu"", giảng viên nhận câu trả lời sốc",https://dantri.com.vn/giao-duc/che-sinh-vien-mac-do-xuyen-thau-giang-vien-nhan-cau-tra-loi-soc-20250507101251690.htm,Không có mô tả
"Chê sinh viên mặc đồ ""xuyên thấu"", giảng viên nhận câu trả lời sốc",https://dantri.com.vn/giao-duc/che-sinh-vien-mac-do-xuyen-thau-giang-vien-nhan-cau-tra-loi-soc-20250507101251690.htm,Không có mô tả
"Mẹ dạy con trai bại não gây xúc động: ""Không nhận sự thương hại của ai""",https://dantri.com.vn/giao-duc/me-day-con-trai-bai-nao-gay-xuc-dong-khong-nhan-su-thuong-hai-cua-ai-20250506125435467.htm,Không có mô tả
"Dự kiến ""khai tử"" hình thức kỷ luật đình chỉ học với học sinh",https://dantri.com.vn/giao-duc/du-kien-khai-tu-hinh-thuc-ky-luat-dinh-chi-hoc-voi-hoc-sinh-20250507225903985.htm,Không có mô tả
"Trường ĐH đầu tiên triển khai ""ươm tạo tài năng"" từ bậc THPT",https://dantri.com.vn/giao-duc/truong-dh-dau-tien-trien-khai-uom-tao-tai-nang-tu-bac-thpt-20250507213652635.htm,Không có mô tả
Hà Nội giải bài toán phân luồng bằng ngày hội hướng nghiệp 10.000 người,https://dantri.com.vn/giao-duc/ha-noi-giai-bai-toan-phan-luong-bang-ngay-hoi-huong-nghiep-10000-nguoi-20250507153744603.htm,Không có mô tả
"Đơn vị sáp nhập, cán bộ viện kiểm sát nghỉ hưu sớm được trợ cấp 2,6 tỷ đồng",https://dantri.com.vn/lao-dong-viec-lam/don-vi-sap-nhap-can-bo-vien-kiem-sat-nghi-huu-som-duoc-tro-cap-26-ty-dong-20250507135745068.htm,Không có mô tả
"Đơn vị sáp nhập, cán bộ viện kiểm sát nghỉ hưu sớm được trợ cấp 2,6 tỷ đồng",https://dantri.com.vn/lao-dong-viec-lam/don-vi-sap-nhap-can-bo-vien-kiem-sat-nghi-huu-som-duoc-tro-cap-26-ty-dong-20250507135745068.htm,Không có mô tả
"20% biên chế phải cắt giảm không nằm trong ngành giáo dục, y tế",https://dantri.com.vn/lao-dong-viec-lam/20-bien-che-phai-cat-giam-khong-nam-trong-nganh-giao-duc-y-te-20250507121802959.htm,Không có mô tả
"Nửa năm 2 lần sáp nhập, Chủ tịch xã thẫn thờ nhắc cả tuổi trẻ làm nhà nước",https://dantri.com.vn/noi-vu/nua-nam-2-lan-sap-nhap-chu-tich-xa-than-tho-nhac-ca-tuoi-tre-lam-nha-nuoc-20250507152317365.htm,Không có mô tả
Nữ nhân viên tuyệt vọng cầu cứu khi bị đồng nghiệp nhốt trong kho đông lạnh,https://dantri.com.vn/lao-dong-viec-lam/nu-nhan-vien-tuyet-vong-cau-cuu-khi-bi-dong-nghiep-nhot-trong-kho-dong-lanh-20250507153137747.htm,Không có mô tả
Nữ nhân viên tuyệt vọng cầu cứu khi bị đồng nghiệp nhốt trong kho đông lạnh,https://dantri.com.vn/lao-dong-viec-lam/nu-nhan-vien-tuyet-vong-cau-cuu-khi-bi-dong-nghiep-nhot-trong-kho-dong-lanh-20250507153137747.htm,Không có mô tả
"Lương giáo viên liệu có ""nhảy vọt"" lên ngang hàng giáo sư?",https://dantri.com.vn/lao-dong-viec-lam/luong-giao-vien-lieu-co-nhay-vot-len-ngang-hang-giao-su-20250507125456284.htm,Không có mô tả
Thanh Hóa có đông lao động dự thi tiếng Hàn nhất cả nước,https://dantri.com.vn/lao-dong-viec-lam/thanh-hoa-co-dong-lao-dong-du-thi-tieng-han-nhat-ca-nuoc-20250507123542842.htm,Không có mô tả
Tàu câu mực khơi tiềm ẩn nguy cơ vi phạm vùng biển nước ngoài,https://dantri.com.vn/lao-dong-viec-lam/tau-cau-muc-khoi-tiem-an-nguy-co-vi-pham-vung-bien-nuoc-ngoai-20250507125703397.htm,Không có mô tả
"Cán bộ công chức cũng thất nghiệp khi tinh giản, cần có bảo hiểm hỗ trợ",https://dantri.com.vn/lao-dong-viec-lam/can-bo-cong-chuc-cung-that-nghiep-khi-tinh-gian-can-co-bao-hiem-ho-tro-20250507114024661.htm,Không có mô tả
Ấn tượng chương trình âm nhạc nghệ thuật Phật giáo tại Đại lễ Vesak 2025,https://dantri.com.vn/giai-tri/an-tuong-chuong-trinh-am-nhac-nghe-thuat-phat-giao-tai-dai-le-vesak-2025-20250508001427603.htm,Không có mô tả
"Hàng loạt tuyến đường ""cụt"" gây lãng phí ở Hà Nội",https://dantri.com.vn/xa-hoi/hang-loat-tuyen-duong-cut-gay-lang-phi-o-ha-noi-20250508022400648.htm,Không có mô tả
"Giữ tâm với những người bệnh ""vô danh""",https://dantri.com.vn/tam-diem/giu-tam-voi-nhung-nguoi-benh-vo-danh-20250507084141996.htm,Không có mô tả
"Mở đại lộ cho kinh tế tư nhân, chắp cánh ""đại bàng"" trong nước",https://dantri.com.vn/tam-diem/mo-dai-lo-cho-kinh-te-tu-nhan-chap-canh-dai-bang-trong-nuoc-20250507074437755.htm,Không có mô tả
,https://dantri.com.vn/noi-vu/ngach-cong-chuc-voi-tinh-nang-moi-trong-du-luat-can-bo-cong-chuc-sua-doi-20250506203308009.htm,Không có mô tả
,https://dantri.com.vn/khoa-hoc/nguoi-thay-20-nam-bien-nha-thanh-xuong-sang-che-cho-hoc-tro-20250504120903230.htm,Không có mô tả
TikToker Lê Việt Hùng bị tạm giữ,https://dantri.com.vn/phap-luat/tiktoker-le-viet-hung-bi-tam-giu-20250508003042731.htm,Không có mô tả
TikToker Lê Việt Hùng bị tạm giữ,https://dantri.com.vn/phap-luat/tiktoker-le-viet-hung-bi-tam-giu-20250508003042731.htm,Không có mô tả
"Manh mối giúp cảnh sát truy vết, bắt giữ 2 nghi phạm xâm hại lăng mộ vua Lê",https://dantri.com.vn/phap-luat/manh-moi-giup-canh-sat-truy-vet-bat-giu-2-nghi-pham-xam-hai-lang-mo-vua-le-20250508094623375.htm,Không có mô tả
Đề nghị giảm 5-7 năm tù cho cựu Bí thư tỉnh Bến Tre Lê Đức Thọ,https://dantri.com.vn/phap-luat/de-nghi-giam-5-7-nam-tu-cho-cuu-bi-thu-tinh-ben-tre-le-duc-tho-20250508090945425.htm,Không có mô tả
Tạm hoãn phiên tòa xét xử Lê Thanh Nhất Nguyên về tội lừa đảo,https://dantri.com.vn/phap-luat/tam-hoan-phien-toa-xet-xu-le-thanh-nhat-nguyen-ve-toi-lua-dao-20250508082748500.htm,Không có mô tả
Phở 200.000 đồng ở sân bay Nội Bài: Đắt đỏ do gánh nhiều chi phí?,https://dantri.com.vn/du-lich/pho-200000-dong-o-san-bay-noi-bai-dat-do-do-ganh-nhieu-chi-phi-20250507204901851.htm,Không có mô tả
Phở 200.000 đồng ở sân bay Nội Bài: Đắt đỏ do gánh nhiều chi phí?,https://dantri.com.vn/du-lich/pho-200000-dong-o-san-bay-noi-bai-dat-do-do-ganh-nhieu-chi-phi-20250507204901851.htm,Không có mô tả
"Quán Lòng Chát ở Hà Nội vắng khách, nhân viên nói ""hết lòng xe điếu""",https://dantri.com.vn/du-lich/quan-long-chat-o-ha-noi-vang-khach-nhan-vien-noi-het-long-xe-dieu-20250507182740974.htm,Không có mô tả
Những ngôi nhà vỏ sò và ký ức một thời gian khó của người dân làng biển,https://dantri.com.vn/du-lich/nhung-ngoi-nha-vo-so-va-ky-uc-mot-thoi-gian-kho-cua-nguoi-dan-lang-bien-20250506214529798.htm,Không có mô tả
"Bên trong tàu du lịch hạng sang Hà Nội - Hải Phòng, giá 350.000 đồng/lượt",https://dantri.com.vn/du-lich/ben-trong-tau-du-lich-hang-sang-ha-noi-hai-phong-gia-350000-dongluot-20250507155241841.htm,Không có mô tả
"Mèo hoang rơi vào nồi lẩu sôi sục 9 khách bị bỏng, chủ quán xử lý gây chú ý",https://dantri.com.vn/doi-song/meo-hoang-roi-vao-noi-lau-soi-suc-9-khach-bi-bong-chu-quan-xu-ly-gay-chu-y-20250505141832702.htm,Không có mô tả
"Mèo hoang rơi vào nồi lẩu sôi sục 9 khách bị bỏng, chủ quán xử lý gây chú ý",https://dantri.com.vn/doi-song/meo-hoang-roi-vao-noi-lau-soi-suc-9-khach-bi-bong-chu-quan-xu-ly-gay-chu-y-20250505141832702.htm,Không có mô tả
"Con gái cựu binh chạy xe máy xuyên Việt: ""Bố về, cả nhà thở phào nhẹ nhõm""",https://dantri.com.vn/doi-song/con-gai-cuu-binh-chay-xe-may-xuyen-viet-bo-ve-ca-nha-tho-phao-nhe-nhom-20250506155833974.htm,Không có mô tả
"Lòng xe điếu 40m, giá tiền triệu gây tranh cãi, chuyên gia tiết lộ sự thật",https://dantri.com.vn/doi-song/long-xe-dieu-40m-gia-tien-trieu-gay-tranh-cai-chuyen-gia-tiet-lo-su-that-20250506171410780.htm,Không có mô tả
"Người Việt dậy sớm, cho nhân viên nghỉ làm xem tập duyệt binh ở Nga",https://dantri.com.vn/doi-song/nguoi-viet-day-som-cho-nhan-vien-nghi-lam-xem-tap-duyet-binh-o-nga-20250507112810723.htm,Không có mô tả
"Bạn trai bất ngờ gọi một cái tên lạ, tôi ngậm ngùi chọn cách rời đi",https://dantri.com.vn/tinh-yeu-gioi-tinh/ban-trai-bat-ngo-goi-mot-cai-ten-la-toi-ngam-ngui-chon-cach-roi-di-20250508022334394.htm,Không có mô tả
"Bạn trai bất ngờ gọi một cái tên lạ, tôi ngậm ngùi chọn cách rời đi",https://dantri.com.vn/tinh-yeu-gioi-tinh/ban-trai-bat-ngo-goi-mot-cai-ten-la-toi-ngam-ngui-chon-cach-roi-di-20250508022334394.htm,Không có mô tả
"U60 góa vợ, có 3 con vẫn muốn sinh thêm với nữ nhân viên TPHCM kém 8 tuổi",https://dantri.com.vn/tinh-yeu-gioi-tinh/u60-goa-vo-co-3-con-van-muon-sinh-them-voi-nu-nhan-vien-tphcm-kem-8-tuoi-20250507144337479.htm,Không có mô tả
"Bạn đến thăm tôi đẻ, mẹ chồng nói một câu khiến họ vội vã bỏ về",https://dantri.com.vn/tinh-yeu-gioi-tinh/ban-den-tham-toi-de-me-chong-noi-mot-cau-khien-ho-voi-va-bo-ve-20250507155353599.htm,Không có mô tả
Chiếc váy vàng trong lễ tang cha và sự thật khiến tôi bật khóc,https://dantri.com.vn/tinh-yeu-gioi-tinh/chiec-vay-vang-trong-le-tang-cha-va-su-that-khien-toi-bat-khoc-20250507131437950.htm,Không có mô tả
"Nam thanh niên mắc ""hội chứng đầu gục"" do lạm dụng chất gây nghiện",https://dantri.com.vn/khoa-hoc/nam-thanh-nien-mac-hoi-chung-dau-guc-do-lam-dung-chat-gay-nghien-20250507064511491.htm,Không có mô tả
"Nam thanh niên mắc ""hội chứng đầu gục"" do lạm dụng chất gây nghiện",https://dantri.com.vn/khoa-hoc/nam-thanh-nien-mac-hoi-chung-dau-guc-do-lam-dung-chat-gay-nghien-20250507064511491.htm,Không có mô tả
"Elon Musk: ""Tất cả sự sống trên Trái Đất rốt cuộc sẽ bị Mặt Trời hủy diệt""",https://dantri.com.vn/khoa-hoc/elon-musk-tat-ca-su-song-tren-trai-dat-rot-cuoc-se-bi-mat-troi-huy-diet-20250508064148142.htm,Không có mô tả
Đột phá mưa nhân tạo: Một cốc hóa chất tạo mưa bằng 30 bể bơi Olympic,https://dantri.com.vn/khoa-hoc/dot-pha-mua-nhan-tao-mot-coc-hoa-chat-tao-mua-bang-30-be-boi-olympic-20250507064849945.htm,Không có mô tả
ĐH Harvard: Trẻ bỗng thích 3 màu này có thể đang gặp vấn đề tâm lý,https://dantri.com.vn/khoa-hoc/dh-harvard-tre-bong-thich-3-mau-nay-co-the-dang-gap-van-de-tam-ly-20250506075053278.htm,Không có mô tả
"Giữ tâm với những người bệnh ""vô danh""",https://dantri.com.vn/tam-diem/giu-tam-voi-nhung-nguoi-benh-vo-danh-20250507084141996.htm,Không có mô tả
"Giữ tâm với những người bệnh ""vô danh""",https://dantri.com.vn/tam-diem/giu-tam-voi-nhung-nguoi-benh-vo-danh-20250507084141996.htm,Không có mô tả
"Mở đại lộ cho kinh tế tư nhân, chắp cánh ""đại bàng"" trong nước",https://dantri.com.vn/tam-diem/mo-dai-lo-cho-kinh-te-tu-nhan-chap-canh-dai-bang-trong-nuoc-20250507074437755.htm,Không có mô tả
Đừng để bi kịch nối bi kịch,https://dantri.com.vn/tam-diem/dung-de-bi-kich-noi-bi-kich-20250506100046252.htm,Không có mô tả
Xu hướng mới của quản trị quốc gia,https://dantri.com.vn/tam-diem/xu-huong-moi-cua-quan-tri-quoc-gia-20250506051110171.htm,Không có mô tả
Vụ taxi lao như bay vào đuôi xe tải: Lái xe tải có phải chịu trách nhiệm?,https://dantri.com.vn/ban-doc/vu-taxi-lao-nhu-bay-vao-duoi-xe-tai-lai-xe-tai-co-phai-chiu-trach-nhiem-20250507141016907.htm,Không có mô tả
Vụ taxi lao như bay vào đuôi xe tải: Lái xe tải có phải chịu trách nhiệm?,https://dantri.com.vn/ban-doc/vu-taxi-lao-nhu-bay-vao-duoi-xe-tai-lai-xe-tai-co-phai-chiu-trach-nhiem-20250507141016907.htm,Không có mô tả
"Hủy quyết định không khởi tố, xử lý lái xe cán bé gái ở Vĩnh Long ra sao?",https://dantri.com.vn/ban-doc/huy-quyet-dinh-khong-khoi-to-xu-ly-lai-xe-can-be-gai-o-vinh-long-ra-sao-20250504111250705.htm,Không có mô tả
Xác trâu trôi dạt về hồ Đan Kia - Suối Vàng ở Lâm Đồng sau mưa lớn,https://dantri.com.vn/ban-doc/xac-trau-troi-dat-ve-ho-dan-kia-suoi-vang-o-lam-dong-sau-mua-lon-20250506101002297.htm,Không có mô tả
Vấn đề pháp lý từ vụ ô tô doanh nhân chặn ngang quốc lộ để mở đường,https://dantri.com.vn/ban-doc/van-de-phap-ly-tu-vu-o-to-doanh-nhan-chan-ngang-quoc-lo-de-mo-duong-20250505234935205.htm,Không có mô tả
Túi Hermès bà Trương Mỹ Lan xin lại và các món đồ hiệu xứng đáng để đầu tư,https://dantri.com.vn/giai-tri/tui-hermes-ba-truong-my-lan-xin-lai-va-cac-mon-do-hieu-xung-dang-de-dau-tu-20250428090540842.htm,Không có mô tả
Túi Hermès bà Trương Mỹ Lan xin lại và các món đồ hiệu xứng đáng để đầu tư,https://dantri.com.vn/giai-tri/tui-hermes-ba-truong-my-lan-xin-lai-va-cac-mon-do-hieu-xung-dang-de-dau-tu-20250428090540842.htm,Không có mô tả
"Chị được tái sinh nhờ lá phổi của ""người em"" được chuyển từ Nam ra Bắc",https://dantri.com.vn/suc-khoe/chi-duoc-tai-sinh-nho-la-phoi-cua-nguoi-em-duoc-chuyen-tu-nam-ra-bac-20250507161239611.htm,Không có mô tả
Lời hứa dang dở của người cha với con gái 14 tuổi bị ô tô cán tử vong,https://dantri.com.vn/xa-hoi/loi-hua-dang-do-cua-nguoi-cha-voi-con-gai-14-tuoi-bi-o-to-can-tu-vong-20250507163355112.htm,Không có mô tả
"Nửa năm 2 lần sáp nhập, Chủ tịch xã thẫn thờ nhắc cả tuổi trẻ làm nhà nước",https://dantri.com.vn/noi-vu/nua-nam-2-lan-sap-nhap-chu-tich-xa-than-tho-nhac-ca-tuoi-tre-lam-nha-nuoc-20250507152317365.htm,Không có mô tả
